,date,hashtags,length,sentence,user,Check_Schemes,Time,weapon,target
4,2020-10-30 07:55:19,['Azerbaijan'],23,"Earlier today Azerbaijan’i Armed Forces launched an offensive in the Northern section, but was thrown back, leaving dozens of corpses on the field",ArmenianUnified,1,[],[],[]
13,2020-10-29 21:13:39,['Azerbaijan'],43,The sounds of explosions in Stepanakert at the moment are the sounds of explosions of ammunition destroyed as a result of targeted strikes by Karabakh_MoD units in the area of ​​operation of Azerbaijan|i subversive groups The operation to destroy the subversive groups continues,ArmenianUnified,1,[],[],['Stepanakert']
24,2020-10-29 12:34:58,"['Azerbaijan', 'Artsakh', 'Nagorno', 'Karabakh']",14,Azerbaijan continues shelling Shushi &amp; other cities of Artsakh/NagornoKarabakh Several civilians are wounded https://t,ArmenianUnified,1,[],[],['Shushi']
27,2020-10-29 10:44:46,"['Artsakh', 'Nagorno', 'Karabakh']",25,Armenian Unified Infocenter shares the images of the consequences of the “humanatarian ceasefire” in Shushi Azerbaijan continues to target the civilian settlements in Artsakh/NagornoKarabakh https://t,ArmenianUnified,1,[],[],['Shushi']
41,2020-10-29 08:05:51,['Azerbaijan'],19,The Azerbaijan|i forces have struck Stepanakert with Smerch missiles during an air raid that lasted most than one hour,ArmenianUnified,1,[],"['Smerch', 'missile']",['Stepanakert']
43,2020-10-29 08:05:51,['Azerbaijan'],12," There are ongoing missile attacks in Askeran, Martuni and Martakert as well",ArmenianUnified,1,[],['missile'],[]
46,2020-10-29 07:35:52,['Azerbaijan'],18,"Adversary forces are now using Smerch volley fire systems to attack the cities of Stepanakert, Shushi and Martakert",ArmenianUnified,1,[],['Smerch'],"['Stepanakert', 'Shushi']"
48,2020-10-29 05:54:11,[],15,RT ShStepanyan: Azerbaijani forces hit Artsakh capital Stepanakert with Smerch MLRS again at about 8,ArmenianUnified,1,[],['Smerch'],['Stepanakert']
55,2020-10-29 05:24:30,"['Artsakh', 'Azerbaijan', 'Artsakh']",14,"  Specifically, the Azeri forces shelled Stepanakert, Shushi along with the surrounding villages with “Smerch",ArmenianUnified,1,[],['Smerch'],"['Stepanakert', 'Shushi']"
56,2020-10-28 23:13:19,['Artsakh'],12,Azerbaijan fired 5 missiles at the capital of Artsakh few minutes ago,ArmenianUnified,1,[],['missile'],[]
71,2020-10-28 14:43:28,"['Artsakh', 'Azeri', 'Fire']",26,Three rescuers of the State Emergency Service of Artsakh were injured as a result of the rocket attack in Shushi while carrying out humanitarian mission ceaseAzeriFire,ArmenianUnified,1,[],[],['Shushi']
78,2020-10-28 13:14:37,"['Azerbaijan', 'Cease', 'Azeri', 'Fire']",38,"Smerch multiple rocket launcher attack by Azerbaijan in Shushi killed one civilian today, 2 are wounded Сегодня город Шуши был обстрелян реактивной системой залпового огня Смерч,в следствии чего гражданского населения есть один погибший и двое раненых CeaseAzeriFire https://t",ArmenianUnified,1,[],['Smerch'],['Shushi']
80,2020-10-28 13:01:43,"['Azerbaijan', 'Cease', 'Azeri', 'Fire', 'Artsakh', 'Strong']",33,Fresh footage from Stepanakert: building of the maternity wing in the Republican hospital a few hours ago was attacked by the Azerbaijan'i Armed Forces ВС Азербайджана обстреляли роддом в Степанакерте CeaseAzeriFire  ArtsakhStrong https://t,ArmenianUnified,1,[],[],['Stepanakert']
82,2020-10-28 12:07:41,"['Azerbaijan', 'Cease', 'Azeri', 'Fire']",27,Shushi after Azerbaijan'i attack with a Smerch multiple rocket launcher: 2 wounded and 1 casualty among peaceful civilians Город Шуши после обстрела реактивной системой залпового огня Смерч,ArmenianUnified,1,[],['Smerch'],['Shushi']
86,2020-10-28 11:49:48,['Azerbaijan'],12, Today their Armed Forces targeted Stepanakert Maternity Hospital with an air strike,ArmenianUnified,1,[],[],['Stepanakert']
89,2020-10-28 10:44:10,"['Azerbaijan', 'Cease', 'Azeri', 'Fire']",9,Breaking: The Azerbaijan|i Armed Forces targeted Stepanakert Maternity Hospital,ArmenianUnified,1,[],[],['Stepanakert']
91,2020-10-28 10:16:57,['Azerbaijan'],27,The statement of the Azerbaijan|i Ministry of Defense that the Armenian Armed Forces allegedly struck the city of Barda with the Smerch system is groundless and false,ArmenianUnified,1,[],['Smerch'],[]
94,2020-10-28 08:53:19,"['Artsakh', 'Cease', 'Azeri', 'Fire']",10,Shushi is being attacked with a Smerch multiple rocket launcher,ArmenianUnified,1,[],['Smerch'],['Shushi']
96,2020-10-28 06:30:22,"['Azerbaijan', 'Cease', 'Azeri', 'Fire']",7,Another Azerbaijan|i UAV downed today  CeaseAzeriFire https://t,ArmenianUnified,1,[],['UAV'],[]
131,2020-10-27 05:34:12,[],22,"The adversary continued shelling  peaceful settlements, including the towns of Martuni, Martakert and the villages in the northern part of Askeran region",ArmenianUnified,1,[],[],[]
149,2020-10-26 14:43:43,"['Artsakh', 'Azerbaijan', 'Cease', 'Azeri', 'Fire', 'Keace']",19," Azerbaijan uses cannon launched and rocket artillery, including tanks in the direction of the Defense Army positions CeaseAzeriFire  NKeace",ArmenianUnified,1,[],[],[]
150,2020-10-26 11:59:44,"['Azerbaijan', 'Artsakh', 'Cease', 'Azeri', 'Fire']",37,"An hour ago from the fire of ''Smerch'' multiple rocket launcher, a civilian, Gevorg Hambardzumyan, was killed; and 2 civilians, Henrikh Adamyan and Andrey Hambardzumyan, were wounded by Azerbaijan'i Armed Forces in Avetaranots village, Artsakh ArtsakhOmbuds  CeaseAzeriFire",ArmenianUnified,1,[],['Smerch'],[]
152,2020-10-26 10:35:29,['Azerbaijan'],18, Karabakh_MoD is waging defensive battles to stop the Azerbaijan'i attacks and throw them back to their starting positions,ArmenianUnified,1,[],[],[]
153,2020-10-26 10:35:29,"['Azerbaijan', 'Cease', 'Azeri', 'Fire']",21,"Despite the new ceasefire agreement reached in US, Azerbaijan attacked  south eastern sector of the front line shelling also peaceful settlements",ArmenianUnified,1,[],[],[]
154,2020-10-26 10:35:29,"['Azerbaijan', 'Cease', 'Azeri', 'Fire']",19," In particular, at around 13:50, adversary fired a Smerch type missile volley fire in the direction of Zardarashen CeaseAzeriFire",ArmenianUnified,1,['13:50'],"['Smerch', 'missile']",[]
156,2020-10-26 10:31:33,['Azerbaijan'],18, Karabakh_MoD  is waging defensive battles to stop the Azerbaijan'i attacks and throw them back to their starting positions,ArmenianUnified,1,[],[],[]
180,2020-10-25 18:01:19,['Azerbaijan'],32,"The upper sub region of Askeran continues to be targeted by Azerbaijan Although the adversary claims that it does not fire in the direction of civilian settlements, Madatashen was shelled earlier today",ArmenianUnified,1,[],[],[]
190,2020-10-25 14:58:54,"['Azerbaijan', 'Kpeace']",11,Another downed Azerbaijan|i UAV Сбит ещё один вражеский беспилотник NKpeace https://t,ArmenianUnified,1,[],['UAV'],[]
198,2020-10-25 06:27:28,"['Artsakh', 'Azerbaijan']",21," In certain sections, artillery battles continued In the evening adversary again shelled peaceful settlements: Karmir Shuka, Taghavard, Gishi and Spitakashen, Avetaranots",ArmenianUnified,1,[],[],[]
211,2020-10-24 16:08:13,"['Azerbaijan', 'Kpeace', 'Artsakh', 'Strong']",22,Another Azerbaijan|i UAV downed by Karabakh_MoD Air Defense Forces  Еще один вражеский беспилотник был сбит силами ПВО Армии обороны NKpeace ArtsakhStrong https://t,ArmenianUnified,1,[],['UAV'],[]
213,2020-10-24 16:03:46,"['Azerbaijan', 'Artsakh']",43,Today Azerbaijan has constantly kept peaceful settlements of Artsakh under fire Rockets were launched on the city of Martuni &amp; the community of Taghavart in the same region from Grad and Smerch rocket launchers Later Martakert was once again bombarded through military aviation,ArmenianUnified,1,[],['Smerch'],[]
226,2020-10-24 11:49:52,"['Peacefor', 'Armenians', 'Peace']",24,Love against war: an Armenia'n couple got married today in the Holy Savior Cathedral  which was twice shelled during this war PeaceforArmenians  NKPeace https://t,ArmenianUnified,1,[],[],[]
233,2020-10-24 10:38:48,"['Stepanakert', 'Azerbaijan']",20,The consequences of the recent rocket attack on Stepanakert Azerbaijan used Smerch missiles against civilians Последствия  ночного ракетного обстрела Степанакерта,ArmenianUnified,1,[],"['Smerch', 'missile']",['Stepanakert']
244,2020-10-24 06:03:09,"['Artsakh', 'Azerbaijan']",25," Artillery battles and fire continued in certain sections  In the evening, violating the norms of international humanitarian law, Az heavily bombarded peaceful settlements, including Stepanakert",ArmenianUnified,1,[],[],['Stepanakert']
245,2020-10-23 20:19:27,['Stepanakert'],9,The camera recorded the rocket attack on Stepanakert https://t,ArmenianUnified,1,[],[],['Stepanakert']
247,2020-10-23 19:16:52,['Azerbaijan'],33,"Violating the norms of international humanitarian law, Azerbaijan|i Armed Forces have once again targeted Stepanakert A car was burned and neighboring buildings and shops of economic significance were destroyed due to the shelling",ArmenianUnified,1,[],[],['Stepanakert']
250,2020-10-23 18:43:48,"['Artsakh', 'Azerbaijan']",12,Artsakh capital Stepanakert was yet again struck by the Azerbaijan|i fighter jets,ArmenianUnified,1,[],[],['Stepanakert']
256,2020-10-23 17:20:33,"['Armenia', 'Azerbaijan']",38,The Air Defense unites of the Republic of Armenia just shot down an Azerbaijan|i UAV in the northeastern direction of the Republic of Armenia  Недавно подразделения ПВО ВС Армении на северо восточной государственной границе РА сбили вражеский БПЛА,ArmenianUnified,1,[],['UAV'],[]
271,2020-10-23 05:53:17,[],9," Shuka, are being shelled by smerch rocket launchers https://t",ArmenianUnified,1,[],['smerch'],[]
275,2020-10-23 05:53:06,['Azerbaijan'],25," Towarss dawn, the villages of Karmir Shuka and Taghavard in the Martuni region appeared in the crosshairs of Azerbaijan|i gunners Smerch type missiles were used",ArmenianUnified,1,[],"['Smerch', 'missile']",[]
278,2020-10-23 05:53:05,[],14, Sakharov Street were engulfed in flames due to shelling of the city of Martakert,ArmenianUnified,1,[],[],[]
279,2020-10-23 05:53:05,[],10,  Regional emergency department firefighters managed to extinguish the fire quickly,ArmenianUnified,1,[],[],[]
282,2020-10-23 05:38:10,"['Artsakh', 'Azerbaijan']",39,"The situation in Artsakh Azerbaijan|i conflict zone remained relatively calm if tens overnight Artillery duels and skirmishes continued in some areas In the evening, in yet another blatant violation the norms of international humanitarian law, Azerbaijani forces shelled Askeran",ArmenianUnified,1,[],[],[]
283,2020-10-22 20:36:59,['Armenia'],36,"A 52 year old resident  of Mets Masrik village in Gegharkunik region of Armenia, Robert Yeghiazaryan, seriously wounded as a result of shelling from the Azerbaijani side on October 1 this year died in Yerevan  hospital",ArmenianUnified,1,[],[],[]
308,2020-10-22 09:50:06,"['Shushi', 'Kpeace', 'Artsakh', 'Strong']",18,"Though the residents of Shushi are hopeless about humanitarian truce, they have no intention to leave their home",ArmenianUnified,1,[],[],['Shushi']
317,2020-10-22 06:12:03,"['Azerbaijan', 'Armenia']",23,The statement from Azerbaijan that Armenia fired ballistic missiles in the direction of Gabala and Kurdamir is complete nonsense and a cynical lie,ArmenianUnified,1,[],['missile'],[]
318,2020-10-22 06:12:03,"['Azerbaijan', 'Armenia']",19, No rocket has been fired from the territory of the Republic of Armenia in the direction of Azerbaijan ShStepanyan,ArmenianUnified,1,[],[],[]
359,2020-10-20 16:12:50,['Armenia'],37,"ArmeniaMODTeam denies the claim that the Armenia|n side has launched rocket strikes against the regions of Goranboy and Tartar Министерство обороны Армении опровергает, что армянская сторона якобы наносит ракетно артиллерийские удары по Геранбойскому и Тертерному районам https://t",ArmenianUnified,1,[],[],[]
387,2020-10-19 06:51:01,"['Azerbaijan', 'Artsakh']",33,"On the night of Oct 18 19 Azerbaijan also targeted peaceful settlements and civilian objects in Artsakh: the city of Martuni, communities of Urekan, Ishkhanadzor, Aygehovit and Vurgavan of Kashatagh region were shelled",ArmenianUnified,1,[],[],[]
395,2020-10-19 05:34:02,"['Artsakh', 'Azerbaijan']",18," In some areas artillery fights continued In the morning,adversary resumed artillery shelling in the northern &amp; southern directions",ArmenianUnified,1,[],[],[]
410,2020-10-18 11:41:34,"['Kpeace', 'Artsakh', 'Strong']",34,"On October 17, the house of Stepanakert resident Svetlana Baghdasaryan was damaged as a result of Azerbaijani shelling 17 ого октября в результате азербайджанского обстрела пострадал дом жительницы Степанакерта Светланы Багдасарян NKpeace  ArtsakhStrong https://t",ArmenianUnified,1,[],[],['Stepanakert']
412,2020-10-18 08:24:08,"['Artsakh', 'Azerbaijan', 'Armenia']",40,"The visual monitoring equipment of the Artsakh Defence Army has recorded the exact location and time when Azerbaijan launched an attack on Armenia|n positions in the early hours of October 18, blatantly violating the ceasefire agreement reached earlier Karabakh_MoD https://t",ArmenianUnified,1,[],[],[]
421,2020-10-18 05:30:41,['Azerbaijan'],20,"co/ay4I6PfCP4 07: 20 after an active artillery fire,they launched an attack in southern direction  in order to occupy favorable positions",ArmenianUnified,1,[],[],[]
445,2020-10-17 06:32:24,"['Azerbaijan', 'Artsakh', 'Stepanakert']",32,"Azerbaijan’s signature: Overnight violating the humanitarian ceasefire, Azerbaijan struck with missiles at the  civilian settlement of Artsakh, including the capital Stepanakert Ночью вооруженные силы Азербайджана, обстреляли ракетами мирные населенные пункты Арцаха https://t",ArmenianUnified,1,[],['missile'],['Stepanakert']
447,2020-10-17 04:54:07,[],41,The civilian infrastructures of Stepanakert and Shushi were more intensively hit The subdivisions of the Karabakh_MoD carried out equivalent operations to stop adversary fire At the moment the subdivisions of the Defence Army are in control of the operational tactical situation,ArmenianUnified,1,[],[],"['Stepanakert', 'Shushi']"
450,2020-10-17 04:54:06,"['Artsakh', 'Azerbaijan']",19," At dawn,  AZ forces once again violated the humanitarian ceasefire by resuming shelling in the direction of peaceful settlements",ArmenianUnified,1,[],[],[]
453,2020-10-16 22:31:28,"['Azerbaijani', 'Ordubad', 'Nakhijevan']",17,RT MFAofArmenia: Azerbaijani side disseminated provocative &amp; false allegation on shelling of Ordubad in Nakhijevan Autonomous Republic…,ArmenianUnified,1,[],[],[]
460,2020-10-16 19:43:47,[],19,Stepanakert and other communities in Artsakh are being shelled again  Вновь обстреливаются Степанакерт и другие населенные пункты Арцаха https://t,ArmenianUnified,1,[],[],['Stepanakert']
468,2020-10-16 12:42:07,"['Azerbaijan', 'Stop', 'Azerbaijani', 'Aggression', 'Artsakh', 'Strong']",17,Yet another civilian has been wounded as a result of rocket attacks by the Azerbaijan/i armed forces,ArmenianUnified,1,[],[],[]
476,2020-10-16 10:23:08,"['Nakhichevan', 'Azerbaijani']",35," ArmeniaMODTeam declares that no missile was fired in the direction of the Ordubad region of Nakhichevan, this is another lie of the Azerbaijani military political leadership, which aims to expand the geography of the conflict",ArmenianUnified,1,[],['missile'],[]
498,2020-10-15 17:25:12,"['Azerbaijan', 'Armenia']",27,"We now have the Turks, who have stepped in and provided resources to Azerbaijan, increasing the risk,increasing the firepower that’s taking place in this historic fight https://t",ArmenianUnified,1,[],[],[]
503,2020-10-15 14:10:45,"['Artsakh', 'Stepanakert', 'Azerbaijan']",11,Artsakh capital Stepanakert is under Azerbaijan/i shelling with heavy rockets mfankr,ArmenianUnified,1,[],[],['Stepanakert']
507,2020-10-15 11:22:56,[],31,"From the very first day, weapons prohibited by all international organizations, like Smerch and cluster bombs, have been used against the civilian population in Stepanakert and the rest of the Republic",ArmenianUnified,1,[],['Smerch'],['Stepanakert']
508,2020-10-15 11:22:56,[],11, Around 700 such weapons in Stepanakert have been identified l today,ArmenianUnified,1,[],[],['Stepanakert']
509,2020-10-15 11:22:55,[],26,"From September 27 to this day, more than 6000 residential, cultural and religious objects have been damaged in Stepanakert as well as in the Republic overall",ArmenianUnified,1,[],[],['Stepanakert']
534,2020-10-14 13:32:03,"['Armenia', 'Azerbaijan']",31,⚡️ The Arzoyan family living in the Vardenis community of the Republic of Armenia was going to harvest their land as usual this morning when an Azerbaijan|i UAV struck their car,ArmenianUnified,1,[],['UAV'],[]
545,2020-10-14 09:35:11,['Azerbaijan'],13," Specifically:in addition to hitting the city of Martakert,they also attacked with strike aircraft",ArmenianUnified,1,[],[],[]
547,2020-10-14 09:22:50,"['Armenia', 'Stepanakert', 'Artsakh', 'Strong', 'Kpeace']",24,A number of doctors from the Republic of Armenia and abroad volunteered to provide medical care to the wounded in Stepanakert  ArtsakhStrong NKpeace https://t,ArmenianUnified,1,[],[],['Stepanakert']
556,2020-10-14 05:40:17,"['Artsakh', 'Azerbaijan']",14," In the morning, violating the humanitarian ceasefire, the adversary resumed missile and artillery fire",ArmenianUnified,1,[],['missile'],[]
562,2020-10-13 17:37:34,['Azerbaijan'],15," His family was forced to flee their home in Martakert,which was being shelled by Azerbaijan",ArmenianUnified,1,[],[],[]
569,2020-10-13 11:48:57,"['Turkey', 'Stepanakert', 'Stop', 'Azerbaijani', 'Aggression', 'Kpeace']",22,"673 missiles, rocket propelled grenades and cluster munitions, manufactured in Israel or Turkey, have already been found in Stepanakert alone StopAzerbaijaniAggression  NKpeace",ArmenianUnified,1,[],['missile'],['Stepanakert']
570,2020-10-13 11:35:04,"['Artsakh', 'Strong']",7,"No comment Ghazanchetsots Cathdral, Shushi ArtsakhStrong https://t",ArmenianUnified,1,[],[],['Shushi']
592,2020-10-12 18:21:37,"['Artsakh', 'Stepanakert', 'Stop', 'Azerbaijani', 'Aggression', 'Kpeace']",17, Approximate 673 Turkish and Israeli rocket propelled grenades have already been found in Stepanakert alone StopAzerbaijaniAggression  NKpeace,ArmenianUnified,1,[],[],['Stepanakert']
597,2020-10-12 17:04:09,"['Stop', 'Azerbaijani', 'Aggression', 'Kpeace', 'Artsakh', 'Strong']",16,The Armenian way of responding to the shelling of Holy Savior Cathedral    StopAzerbaijaniAggression  NKpeace ArtsakhStrong https://t,ArmenianUnified,1,[],[],[]
619,2020-10-12 07:40:02,"['Azerbaijan', 'Kpeace', 'Artsakh', 'Strong']",14,Azerbaijan|i shock troops have launched offensive operations in various directions across the front line,ArmenianUnified,1,[],[],[]
637,2020-10-11 19:29:31,"['Kpeace', 'Artsakh', 'Strong']",12, В городе только что были слышны взрывы  Stepanakert is again being shelled,ArmenianUnified,1,[],[],['Stepanakert']
651,2020-10-11 15:13:02,"['Azerbaijani', 'Artsakh', 'Artsakh', 'Strong', 'Kpeace']",26,"Azerbaijani military continues to violate the humanitarian ceasefire agreement by launching armoured attacks on the southern part of the front, supported by missile strikes and artillery",ArmenianUnified,1,[],['missile'],[]
652,2020-10-11 15:13:02,"['Azerbaijani', 'Artsakh', 'Artsakh', 'Strong', 'Kpeace']",11,  The Artsakh Defense Army continues to halt these attacks ArtsakhStrong  NKpeace,ArmenianUnified,1,[],[],[]
684,2020-10-10 21:16:00,"['Azerbaijan', 'Artsakh']",10," Azerbaijan today targeted Stepanakert, the capital of Artsakh again https://t",ArmenianUnified,1,[],[],['Stepanakert']
686,2020-10-10 20:44:37,"['Artsakh', 'Azerbaijan']",14,"“Martuni,Shushi &amp; various large rural communities of Artsakh are being shelled at this moment",ArmenianUnified,1,[],[],['Shushi']
697,2020-10-10 19:37:57,"['Kpeace', 'Artsakh', 'Strong']",9,Right now Stepanakert is being shelled again NKpeace ArtsakhStrong,ArmenianUnified,1,[],[],['Stepanakert']
702,2020-10-10 17:30:41,['Artsakh'],36,"The sapper groups continue to search and neutralize unexploded weapons and ammunition left after shellings Since September 27, 180 cluster bombs have been found, some of which were found and called in by residents in Artsakh",ArmenianUnified,1,[],[],[]
710,2020-10-10 12:57:50,['Azerbaijan'],13,"Azerbaijan ignoring the humanitarian ceasefire, launched a diversionary assault towards the regional capital",ArmenianUnified,1,[],[],[]
714,2020-10-10 12:31:55,[],28,"It is particularly telling that  trio of Az,Turkey and intl terrorists have launched the attack right after the Defense Army, based on the agreement, ordered to cease fire",ArmenianUnified,1,[],[],[]
716,2020-10-10 12:31:54,[],35,"It is particularly telling that the trio of Azerbaijan, Turkey and international terrorists have launched the attack right after the Defense Army of the Republic of Artsakh, based on the agreement, ordered to cease fire",ArmenianUnified,1,[],[],[]
725,2020-10-10 09:16:06,"['Azerbaijan', 'Azerbaijan']",41,"Defense Army units are blocking attempted assaults launched by Azerbaijan in south Simultaneously, Azerbaijan|i armed forces continue firing at  Hadrut The claim by the Azerbaijani MoD regarding the Armenian side firing at the regions of Terter and Agdam are unequivocally false",ArmenianUnified,1,[],[],[]
726,2020-10-10 08:44:15,"['Azerbaijan', 'Artsakh']",21,Ignoring the ceasefire announced for humanitarian purposes on October 10 at 12:00 PM Azerbaijan attacked the Karakhambeyli area at 12:05 PM,ArmenianUnified,1,"['12:00', '12:05']",[],[]
730,2020-10-10 07:28:11,['Azerbaijan'],11,The Azerbaijan| Military are launching a large number of drone strikes,ArmenianUnified,1,[],['drone'],[]
740,2020-10-10 06:14:52,['Azerbaijan'],33,"Azerbaijan launched a drone strike in the direction of the rural community of Yeritsvank, as well as in Artsvanik settlement near Kapan of Syunik region in the territory of the Republic of Armenia",ArmenianUnified,1,[],['drone'],[]
742,2020-10-10 06:13:57,['Azerbaijan'],40,"Moments after the joint statement was  issued,Azerbaijan intensified its drone strikes Defense Army continues to halt Azeri attacks one after the other, inflicting great losses  Adversary is deviously trying to alter the situation on the battlefield right before the ceasefire",ArmenianUnified,1,[],['drone'],[]
760,2020-10-09 16:05:35,"['Azerbaijan', 'Kpeace']",11,The 3 Russian journalists injured during Azerbaijan|i attack on Shushi St,ArmenianUnified,1,[],[],['Shushi']
764,2020-10-09 13:42:53,"['Azerbaijan', 'Stop', 'Azerbaijani', 'Aggression']",24,"Immediately after the start of the meeting of the Armenian and Azerbaijani Ministers of Foreign affairs, Azerbaijan/i Armed Forces hit Stepanakert with missiles StopAzerbaijaniAggression",ArmenianUnified,1,[],['missile'],['Stepanakert']
779,2020-10-09 06:52:58,"['Azerbaijan', 'Stop', 'Azerbaijani', 'Aggression', 'Kpeace', 'Artsakh', 'Strong']",11,Azerbaijan is shelling Stepanakert again Вновь обстреливают Степанакерт  StopAzerbaijaniAggression NKpeace ArtsakhStrong,ArmenianUnified,1,[],[],['Stepanakert']
782,2020-10-09 05:43:10,['Azerbaijan'],7, Azerbaijan also shelled peaceful settlements with artillery,ArmenianUnified,1,[],[],[]
785,2020-10-08 17:44:29,"['Azerbaijan', 'Artsakh', 'Strong', 'Kpeace']",15,An Azerbaijan|i UAV has just been downed Только что был сбит один БПЛА ArtsakhStrong  NKpeace,ArmenianUnified,1,[],['UAV'],[]
793,2020-10-08 15:42:43,[],27,"co/hMsqAc5HS0 who was injured during the Cathedral’s bombing is undergoing surgery in Stepanakert Сейчас оперируют главного редактора «Сегодня․ру» Юрия Котёнока, пострадавшего от бомбардировки со стороны Азербайджана https://t",ArmenianUnified,1,[],[],['Stepanakert']
800,2020-10-08 14:09:47,['Azerbaijan'],25,⚡ Russian and local journalists were wounded in the 2nd shelling by Azerbaijan/i forces targeting Ghazanchetsots Cathedral when covering the consequences of the morning attack,ArmenianUnified,1,[],[],[]
802,2020-10-08 12:50:50,['Artsakh'],11,“The terrorists have also targeted the st Ghazanchetsots Cathedral in Shushi,ArmenianUnified,1,[],[],['Shushi']
809,2020-10-08 11:14:58,['Azerbaijan'],24," today Azerbaijan  launched an attack in 2 directions at the southern border, but decisive action by the divisions of the Defense Army suppressed them",ArmenianUnified,1,[],[],[]
813,2020-10-08 09:52:06,"['Stop', 'Azerbaijani', 'Aggression']",25,"Azerbaijan shelled  Ghazanchetsots Cathedral, the symbol of Shushi, which had been restored and reconsecrated in the aftermath of the war in the 90s StopAzerbaijaniAggression https://t",ArmenianUnified,1,[],[],['Shushi']
826,2020-10-08 06:20:01,"['Azerbaijan', 'Peace', 'Stop', 'Azerbaijani', 'Aggression', 'Artsakh', 'Strong']",15,Consequences of Azerbaijan/i night shelling of Stepanakert Последствия ночного обстрела Степанакерта NKPeace StopAzerbaijaniAggression  ArtsakhStrong https://t,ArmenianUnified,1,[],[],['Stepanakert']
833,2020-10-08 05:22:18,"['Artsakh', 'Azerbaijani']",9, In various sections missile attacks and artillery fire persisted,ArmenianUnified,1,[],['missile'],[]
845,2020-10-07 14:34:33,"['Azerbaijan', 'Stop', 'Azerbaijani', 'Aggression', 'Kpeace']",24,"Meanwhile Azerbaijan officially claims that they are targeting only MILITARY facilities, their Armed Forces are targeting the Culture House in Shushi StopAzerbaijaniAggression  NKpeace https://t",ArmenianUnified,1,[],[],['Shushi']
847,2020-10-07 13:48:17,"['Azerbaijan', 'Artsakh', 'Nagorno', 'Karabakh', 'Kpeace', 'Stop', 'Azerbaijani', 'Aggression']",17,"Azerbaijan targeting the civilians and civilian infrastructures in the town of Shushi, Artsakh  NagornoKarabakh NKpeace StopAzerbaijaniAggression https://t",ArmenianUnified,1,[],[],['Shushi']
874,2020-10-07 06:21:43,"['Stepanakert', 'Stop', 'Azerbaijani', 'Aggresion', 'Artsakh', 'Srtong']",9,The consequences of Stepanakert shelling overnight StopAzerbaijaniAggresion ArtsakhSrtong https://t,ArmenianUnified,1,[],[],['Stepanakert']
882,2020-10-07 04:45:21,"['Azerbaijan', 'Artsakh', 'Nkpeace', 'Artsakh', 'Strong']",20,Azerbaijan is shelling Stepanakert and other settlements of Artsakh again  Снова обстреливают Степанакерт и другие населенные пункты Арцаха Nkpeace ArtsakhStrong,ArmenianUnified,1,[],[],['Stepanakert']
883,2020-10-06 19:36:02,"['Azerbaijan', 'Stop', 'Azerbaijani', 'Aggression', 'Kpeace', 'Artsakh', 'Strong']",10,Stepanakert is continuously being shelled by the Azerbaijan|i Armed Forces,ArmenianUnified,1,[],[],['Stepanakert']
887,2020-10-06 19:20:35,"['Azerbaijan', 'Artsakh']",13,"However,all military facilities from which Artsakh will be fired at, will be destroyedShStepanyan",ArmenianUnified,1,[],[],[]
888,2020-10-06 18:45:44,"['Azerbaijan', 'Stepanakert', 'Shushi', 'Stop', 'Azerbaijani', 'Aggression', 'Artsakh', 'Strong']",7,Azerbaijan has resumed shelling Stepanakert  and Shushi,ArmenianUnified,1,[],[],"['Stepanakert', 'Shushi']"
902,2020-10-06 13:37:15,"['Peace', 'Stop', 'Azerbaijani', 'Aggression', 'Azerbaijan', 'Against', 'Civilians']",8,More of Stepanakert shelling NKPeace StopAzerbaijaniAggression  AzerbaijanAgainstCivilians https://t,ArmenianUnified,1,[],[],['Stepanakert']
904,2020-10-06 13:23:48,"['Azerbaijan', 'Stepanakert', 'Stop', 'Azerbaijani', 'Aggression', 'Kpeace']",9,The consequences of Azerbaijan/i shelling Stepanakert  StopAzerbaijaniAggression  NKpeace https://t,ArmenianUnified,1,[],[],['Stepanakert']
906,2020-10-06 13:18:30,"['Azerbaijan', 'Artsakh', 'Nagorno', 'Karabakh', 'Artsakh', 'Strong']",10,"Azerbaijan is shelling Stepanakert, the capital of Artsakh  again ArtsakhStrong",ArmenianUnified,1,[],[],['Stepanakert']
916,2020-10-06 12:34:43,"['Azerbaijan', 'Artsakh']",36,"Since this afternoon Azerbaijan, concentrating reserve forces and a large number of military equipment, including tanks and artillery, launched a large scale attack towards the southern direction of the line of contact between Artsakh and Azerbaijan",ArmenianUnified,1,[],[],[]
928,2020-10-06 07:56:34,"['Azerbaijan', 'Nagorno', 'Karabakh', 'Stop', 'Azerbaijani', 'Aggression', 'Artsakh', 'Strong']",21,The residents of Stepanakert prefer shelters to leaving their hometown while Azerbaijan is targeting the capital of NagornoKarabakh  StopAzerbaijaniAggression  ArtsakhStrong https://t,ArmenianUnified,1,[],[],['Stepanakert']
954,2020-10-05 16:36:45,"['Azerbaijan', 'Stop', 'Azerbaijani', 'Aggression']",20,  The use of Smerch multiple rocket launchers armed with banned cluster munitions is an especially heinous war crime StopAzerbaijaniAggression https://t,ArmenianUnified,1,[],['Smerch'],[]
956,2020-10-05 16:02:05,"['Stop', 'Azerbaijani', 'Aggression']",2,"Stepanakert, 05",ArmenianUnified,1,[],[],['Stepanakert']
968,2020-10-05 10:19:39,"['Azerbaijan', 'Stepanakert', 'Stop', 'Azerbaijani', 'Aggression']",9,Azerbaijan continues to strike at civilian infrastructures in Stepanakert,ArmenianUnified,1,[],[],['Stepanakert']
988,2020-10-05 07:45:21,"['Azerbaijan', 'Stepanakert']",6,Azerbaijan attacked Stepanakert &amp; Shushi again,ArmenianUnified,1,[],[],"['Stepanakert', 'Shushi']"
993,2020-10-05 07:12:01,"['Artsakh', 'Strong']",15, The units of the Defense Army  are launching an appropriate counterattack onto the adversary forces,ArmenianUnified,1,[],[],[]
1003,2020-10-05 04:28:56,"['Artsakh', 'Azerbaijan', 'Artsakh', 'Strong']",37,"Firefights of various intensity which started overnight continue to rage all along the Artsakh Azerbaijan Line of Contact Как ночью, так и на данный момент боевые действия в зоне арцахско азербайджанского конфликта продолжаются с различной интенсивностью ArtsakhStrong",ArmenianUnified,1,[],[],[]
1004,2020-10-05 03:32:58,['Azerbaijan'],41,"Aim of this disinformation campaign is to cover up the massive shelling by Azerbaijan since the first day of the war, which resulted in many losses among the civil population, while serious damage was inflicted upon the essential civilian infrastructure https://t",ArmenianUnified,1,[],[],[]
1028,2020-10-04 15:21:37,"['Azerbaijan', 'Stop', 'Azerbaijani', 'Aggression']",38,"As a result of the missile attacks, launched by the Azerbaijan, there are causalities among the civilian population of cities Stepanakert and Shushi Вследствие ракетного обстрела ВС Азербайджана в Степанакерте и Шуши есть гражданские жертвы Artsakh FM StopAzerbaijaniAggression",ArmenianUnified,1,[],['missile'],"['Stepanakert', 'Shushi']"
1032,2020-10-04 13:38:51,"['Artsakh', 'Strong']",17,The civilian infrastructures in Shushi  have also been targeted В Шуши также были обстреляны гражданские инфраструктуры ArtsakhStrong,ArmenianUnified,1,[],[],['Shushi']
1035,2020-10-04 13:20:01,"['Stop', 'Azerbaijani', 'Aggression']",2,"Stepanakert, 04",ArmenianUnified,1,[],[],['Stepanakert']
1045,2020-10-04 10:48:02,"['Azerbaijan', 'Nagorno', 'Karabakh']",19,The Republic of Armenia has not carried out long range shelling or missiles strikes on the territory of Azerbaijan,ArmenianUnified,1,[],['missile'],[]
1048,2020-10-04 09:32:10,"['Azerbaijan', 'Stepanakert', 'Nagorno', 'Karabakh']",20,"As reported earlier, Azerbaijan continues to use prohibited munitions against civilian areas in the direction of Stepanakert, capital of NagornoKarabakh",ArmenianUnified,1,[],[],['Stepanakert']
1054,2020-10-04 09:21:51,[],33,"Pres_Artsakh In case anyone couldn’t figure it out,let me reiterate that my statement made earlier was not a joke On my orders,Defense Army fired several rockets to neutralize military facilities located in Ganja",ArmenianUnified,1,[],[],[]
1058,2020-10-04 08:16:44,"['Artsakh', 'Strong', 'Stop', 'Azerbaijani', 'Aggression']",6,Stepanakert is currently under attacked again,ArmenianUnified,1,[],[],['Stepanakert']
1065,2020-10-04 07:28:54,['Stepanakert'],6,Stepanakert shelled again Артобстрел Степанакерта https://t,ArmenianUnified,1,[],[],['Stepanakert']
1068,2020-10-04 07:08:43,"['Armenia', 'Azerbaijan', 'Artsakh', 'Strong']",31,The Ministry of Defense of the Republic of Armenia officially stares that no shots have been fired from the territory of the Republic of Armenia in the direction of Azerbaijan ArtsakhStrong,ArmenianUnified,1,[],[],[]
1071,2020-10-04 05:16:31,"['Artsakh', 'Azerbaijan']",22,"RT ArmeniaMODTeam: The firefight is taking place at the Artsakh Azerbaijan line of contact,  artillery gunfire is also taking place at l…",ArmenianUnified,1,[],[],[]
1084,2020-10-03 17:43:02,"['Azerbaijan', 'Artsakh', 'Strong', 'Kpeace']",10,"At 8:26pm, Azerbaijan’s Armed Forced fired a rocket at Stepanakert",ArmenianUnified,1,['8:26'],[],['Stepanakert']
1092,2020-10-03 16:43:51,"['Azerbaijan', 'Artsakh', 'Artsakh', 'Strong', 'Kpeace']",9,This is Stepanakert following the shelling on October 2,ArmenianUnified,1,[],[],['Stepanakert']
1093,2020-10-03 16:43:51,"['Azerbaijan', 'Artsakh', 'Artsakh', 'Strong', 'Kpeace']",28,"  At this very moment, the Azerbaijan is shelling the capital of Artsakh yet again, targeting civilian infrastructures На данный момент Азербайджан вновь обстреливает столицу Арцаха ArtsakhStrong NKpeace https://t",ArmenianUnified,1,[],[],[]
1100,2020-10-03 16:01:53,[],22,Our analysis has shown that between 150 to 200 Azerbaijani soldiers are attacking a single military unit of the Artsakh Defense Army,ArmenianUnified,1,[],[],[]
1101,2020-10-03 16:01:53,[],19," And such attacks are repeated several times during the day, accompanied by missiles, artillery, armored vehicles, aircraft and UAVs",ArmenianUnified,1,[],"['missile', 'UAV']",[]
1106,2020-10-03 14:41:30,"['Azerbaijan', 'Artsakh', 'Strong']",20,"Around 3:50 pm, the missile defense unit of the Defense Army shot down one Azerbaijan|i helicopter  in the southern direction",ArmenianUnified,1,['3:50'],['missile'],[]
1127,2020-10-03 11:39:14,"['Azerbaijan', 'Artsakh', 'Strong']",5,More of the shelled Stepanakert,ArmenianUnified,1,[],[],['Stepanakert']
1136,2020-10-03 09:35:29,"['Artsakh', 'Azerbaijan']",17,The Defense Army of Artsakh has succeeded in halting the full fledged attack launched by Azerbaijan today,ArmenianUnified,1,[],[],[]
1137,2020-10-03 09:35:29,"['Artsakh', 'Azerbaijan']",11," In one of the directions, our forces launched a counter attack",ArmenianUnified,1,[],[],[]
1145,2020-10-03 08:17:13,"['Artsakh', 'Nagorno', 'Karabakh', 'Stop', 'Azerbaijani', 'Aggression']",17,"Stepanakert, capital of Artsakh  was shelled again this morning  Степанакерт сегодня утром вновь был обстрелян StopAzerbaijaniAggression https://t",ArmenianUnified,1,[],[],['Stepanakert']
1160,2020-10-02 19:57:16,"['Armenia', 'Stop', 'Azerbaijani', 'Aggression', 'Kpeace', 'Artsakh', 'Strong']",11,RT armgov: The town of Vardenis  residents speak  about missile strikes,ArmenianUnified,1,[],['missile'],[]
1165,2020-10-02 18:17:49,"['Karabakh', 'Now', 'Artsakh', 'Strong']",20,"As reported earlier today, Stepanakert,the capital city of Republic of Artsakh , was hit severel times by the adversary’s missiles",ArmenianUnified,1,[],['missile'],['Stepanakert']
1166,2020-10-02 18:17:49,"['Karabakh', 'Now', 'Artsakh', 'Strong']",18, Here is a fresh footage from Stepanakert Свежие кадры из Степанакерта после последних аттак противника KarabakhNow ArtsakhStrong https://t,ArmenianUnified,1,[],[],['Stepanakert']
1168,2020-10-02 17:23:21,"['Kpeace', 'Stop', 'Azerbaijani', 'Aggression']",22,The first images from Stepanakert after the adversary most recent strikes Первые кадры из Степанакерта после последних аттаки противника NKpeace  StopAzerbaijaniAggression https://t,ArmenianUnified,1,[],[],['Stepanakert']
1174,2020-10-02 16:38:44,"['Artsakh', 'Karabakh', 'Now']",21,"A few minutes ago, Stepanakert, the capital city of Republic of Artsakh , was hit three times by the adversary’s missiles",ArmenianUnified,1,[],['missile'],['Stepanakert']
1177,2020-10-02 16:22:08,[],28,"A few minutes ago, Stepanakert, the capital city of Artsakh  three time was hit by the missiles Минутами ранее Азербайджан 3 раза ударил по столице Степанакерт тяжелыми ракетами",ArmenianUnified,1,[],['missile'],['Stepanakert']
1178,2020-10-02 13:50:09,"['Azerbaijan', 'Against', 'Reports', 'Stop', 'Azerbaijani', 'Aggression']",20,AzerbaijanAgainstReports again!A minibus with 10 international and Armenian journalists travelling to the city of Martakert was shelled by the adversary,ArmenianUnified,1,[],[],[]
1183,2020-10-02 13:33:41,"['Azerbaijan', 'Artsakh']",18," This time Stepanakert, the capital of the Republic of Artsakh, &amp; the city of Hadrut were attacked https://t",ArmenianUnified,1,[],[],['Stepanakert']
1188,2020-10-02 11:36:33,[],28,"The Ministry of Defense strongly urges the Azerbaijani authorities to refrain from making provocative statements, and to not aggravate the situation further into receiving an actual missile retaliation",ArmenianUnified,1,[],['missile'],[]
1190,2020-10-02 11:36:32,"['Armenia', 'Azerbaijan']",35,"Despite the fact that the settlements around the Armenian town of Vardenis have been under fire from Azerbaijani artillery and air strikes for several days now, no rocket has been fired from Armenia into Azerbaijan",ArmenianUnified,1,[],[],[]
1192,2020-10-02 11:36:32,"['Armenia', 'Peace']",28,ArmeniaMODTeam officially denies the allegations made by Azerbaijani officials that a Tochka U tactical missile was fired into Azerbaijani territory from Armenia as nothing more than a fabrication,ArmenianUnified,1,[],['missile'],[]
1196,2020-10-02 10:44:48,"['Azerbaijan', 'Kpeace']",23,Urgent: Azerbaijan/i military is targeting civilian infrastructures and non combatants in Stepanakert Азербайджанские военные атакуют гражданские инфраструктуры и мирных жителей Степанакерта NKpeace https://t,ArmenianUnified,1,[],[],['Stepanakert']
1220,2020-10-01 20:08:03,"['Azerbaijani', 'Aggression']",11,"The fourth UAV is neutralized, too Четвертый беспилотник также нейтрализован AzerbaijaniAggression",ArmenianUnified,1,[],['UAV'],[]
1221,2020-10-01 20:00:32,[],12,The fourth UAV will be shortly located and promptly neutralised  as well,ArmenianUnified,1,[],['UAV'],[]
1225,2020-10-01 19:28:19,"['Breaking', 'Yerevan', 'Armenia', 'Azrebaijani', 'Aggression']",27,Breaking: The adversary UAV in Kotayk region  was downed by the Air Defense Forces of Armenia  Беспилотник противника в Котайкской области  был сбит силами ПВО Армении AzrebaijaniAggression,ArmenianUnified,1,[],['UAV'],[]
1226,2020-10-01 18:52:05,[],11,Two villagers were also wounded to varying degrees in the attacks,ArmenianUnified,1,[],[],[]
1227,2020-10-01 18:52:05,[],16," Air defence units intercepted 3 other missiles, and shot down the UAV responsible for the strike",ArmenianUnified,1,[],"['missile', 'UAV']",[]
1241,2020-10-01 15:45:58,"['Artsakh', 'Azerbaijan', 'Azerbaijani', 'Agression', 'Karabakh', 'Now', 'Kpeace']",28,Consequences of shelling of peaceful settlements in Artsakh by the Armed Forces of Azerbaijan Последствия обстрелов мирных населенных пунктов в Арцахе Вооруженными силами Азербайджана AzerbaijaniAgression KarabakhNow NKpeace https://t,ArmenianUnified,1,[],[],[]
1243,2020-10-01 14:52:11,"['Azerbaijan', 'Karabakh', 'Now', 'Azerbaijani', 'Aggression', 'Kpeace']",13,Azerbaijan shelled Vardenis Sotk highway Противник обстрелял автодорогу Варденис Сотк KarabakhNow AzerbaijaniAggression NKpeace,ArmenianUnified,1,[],[],[]
1247,2020-10-01 12:36:28,"['Azerbaijan', 'Against', 'Repoters', 'Azerbaijani', 'Aggression']",18,"Le correspondant de LeMondefr allankaval est dans un état grave, il est opéré au centre médical de Stepanakert",ArmenianUnified,1,[],[],['Stepanakert']
1250,2020-10-01 12:16:20,"['Stepanakert', 'Azerbaijan', 'Against', 'Reporters']",18,"The reporter from LeMondefr allankaval is in critical condition, and currently undergoing surgery at the Stepanakert Medical Centre",ArmenianUnified,1,[],[],['Stepanakert']
1282,2020-10-01 08:03:44,"['Azerbaijan', 'Askeran']",8, The UAV target was again a peaceful settlement,ArmenianUnified,1,[],['UAV'],[]
1283,2020-10-01 08:03:44,"['Azerbaijan', 'Askeran']",8, The UAV was downed near a residential area,ArmenianUnified,1,[],['UAV'],[]
1355,2020-09-30 16:02:06,[],20,"In addition, a UAV Turkish command post is located at a certain distance from the borders of the Hadrut region",ArmenianUnified,1,[],['UAV'],[]
1356,2020-09-30 16:02:06,[],7, It coordinates the attacks of Azerbaijani jets,ArmenianUnified,1,[],[],[]
1373,2020-09-30 14:58:10,"['Azerbaiajan', 'Martuni', 'Hadrut', 'Azerbaijani', 'Aggression']",37,"Since 10:00 am today, two F 16 fighter jets of the Turkish Air Force flying from Kurdamir, as well as the Azerbaiajan’i SU 25 fighter jets, Bayraktar reconnaissance UAV fired rockets at settlements of Martuni and Hadrut",ArmenianUnified,1,['10:00'],"['SU 25', 'Bayraktar', 'UAV']",[]
1380,2020-09-30 14:24:57,['Azerbaijan'],16," The adversary lost Smerch, Hurricane rocket launcher systems, dozens of other artillery and anti tank weapons",ArmenianUnified,1,[],['Smerch'],[]
1395,2020-09-30 11:37:59,"['Martakert', 'Baku', 'Artsakh', 'Strong', 'Azerbaijaniaggression']",17," Baku openly attacks the civilian population, violating the of international law” Spokesperson of Pres_Artsakh  ArtsakhStrong  Azerbaijaniaggression https://t",ArmenianUnified,1,[],[],[]
1414,2020-09-30 08:48:40,"['Armenia', 'Azerbaijan']",17, It was carrying out combat tasks to repel the attacks of Azerbaijan on military and civilian objects,ArmenianUnified,1,[],[],[]
1429,2020-09-30 04:01:21,"['Stepanakert', 'Azerbaijaniaggression', 'Kpeace', 'War', 'In', 'Karabakh', 'Stop', 'Aliyev']",33,"Around 04:30 AM 3 IAI Harop loitering munitions of the adversary entered the airspace of Stepanakert, 2 of which were downed by oir air defense units Credits: Banakinfo Azerbaijaniaggression  NKpeace  WarInKarabakh StopAliyev https://t",ArmenianUnified,1,['04:30'],[],['Stepanakert']
1437,2020-09-29 19:56:06,"['Kpeace', 'Azerbaijani', 'Agression']",17,Today Azerbaijani armed forces launched attacks on  military civilian infrastructures of the internationally recognized territory of Armenia,ArmenianUnified,1,[],[],[]
1438,2020-09-29 19:56:06,"['Kpeace', 'Azerbaijani', 'Agression']",21,"This includes the civilian population, killing one civilian, a civilian bus was shelled, SU 26 was shot down NKpeace AzerbaijaniAgression https://t",ArmenianUnified,1,[],['SU 2'],[]
1473,2020-09-29 14:43:42,[],16,"During this period, the air defense units of the RA AF carried out SAM missile fire",ArmenianUnified,1,[],['missile'],[]
1476,2020-09-29 14:43:17,[],43,"Today, at around 10:30 am, F 16 fighters of the Turkish Air Force took off from the Ganja airport from the Republic of Azerbaijan and ensured the delivery of bombing and missile strikes against settlements and ground units of the Armenian Armed Forces",ArmenianUnified,1,['10:30'],['missile'],[]
1480,2020-09-29 13:26:39,"['Kpeace', 'Artsakh', 'Strong', 'Azerbaijani', 'Agression', 'War', 'In', 'Karabakh']",22,Azerbaijani Orbiter 1K UAV downed by our Armed Forces  Азербайджанский БПЛА Orbiter 1K сбит нашими вооруженными силами NKpeace  ArtsakhStrong  AzerbaijaniAgression WarInKarabakh https://t,ArmenianUnified,1,[],['UAV'],[]
1484,2020-09-29 11:49:33,"['Stepanakert', 'Stop', 'Azerbaijani', 'Aggression', 'Kpeace']",17,"RT armgov: As a result of the shelling, civilian infrastructures were damaged in Stepanakert StopAzerbaijaniAggression NKpeace Artsak…",ArmenianUnified,1,[],[],['Stepanakert']
1487,2020-09-29 11:18:07,['Azerbaijaniaggression'],9,"The consequences of Azerbaijaniaggression  Stepanakert, capital or Artsakh  https://t",ArmenianUnified,1,[],[],['Stepanakert']
1489,2020-09-29 10:40:00,"['Artsakh', 'Strong', 'War', 'In', 'Karabakh', 'Peace']",25,Another UAV downed by our Armed Forces Ещё один беспилотник сбит нашими ВС Մեր ԶՈՒ ն ևս մի ԱԹՍ է խոցել ArtsakhStrong  WarInKarabakh  NKPeace https://t,ArmenianUnified,1,[],['UAV'],[]
1493,2020-09-29 08:47:09,"['Vardenis', 'Kpeace', 'Artsakh', 'Strong']",15,The villages of Vardenis are currently being shelled Обстреливаются села Вардениса via arcrunmod  NKpeace ArtsakhStrong,ArmenianUnified,1,[],[],[]
1494,2020-09-29 08:35:54,"['Vardenis', 'Armenia', 'Azerbaijani']",28,"In Vardenis which is located in the internationally recognized territory of Armenia, a civilian bus was fired by Azerbaijani drone В Варденисе  беспилотником был обстрелян гражданский автобус https://t",ArmenianUnified,1,[],['drone'],[]
1497,2020-09-29 08:20:12,[],16,"The use of TOS, Smerch and other systems of large caliber changes the course of hostilities",ArmenianUnified,1,[],['Smerch'],[]
1517,2020-09-29 07:03:34,[],32,"This action is falsely justified by the MoD of Azerbaijan, on the faux claims that the armed forces of the RA, allegedly fired rockets from Vardenis into the Dashkesan region of Azerbaijan",ArmenianUnified,1,[],[],[]
1522,2020-09-29 06:41:13,['Azerbaijan'],37,Statement by MFAofArmenia  We completely deny the accusations from the Ministry of Defense of Azerbaijan claiming that Armenian forces fired rockets from within the Vardenis region of the Republic of Armenia into the Dashkesan region of Azerbaijan,ArmenianUnified,1,[],[],[]
1527,2020-09-29 04:45:57,"['Kpeace', 'Artsakh', 'Strong', 'Azerbaijaniaggression']",14,Igor Grigoryan lost his 9 year old daughter as a result of Azerbaijani shelling,ArmenianUnified,1,[],[],[]
1533,2020-09-29 04:29:57,[],40,"The fights with varying intensity continue with Azerbaijani artillery Armenian units in several directions of the line of contact have repulsed the attacks of the Azerbaijani armed forces, taking punitive actions in some parts, causing significant losses of the adversary",ArmenianUnified,1,[],[],[]
1536,2020-09-28 20:17:34,[],14,The house of Navasardyan family has undergone shelling by the Armed Forces of Azerbaijan,ArmenianUnified,1,[],[],[]
1545,2020-09-28 19:12:38,['Azerbaijan'],38,"Pres_Artsakh: For the past 2 days,Azerbaijan has been attacking all directions  with hundreds of tanks but it has already lost up to 100 pieces of technical equipmentАзербайджан атаковал по всем направлениям, но уже потерял до 100 единиц техники",ArmenianUnified,1,[],[],[]
1550,2020-09-28 18:07:31,"['Azerbaijan', 'Kpeace', 'Artsakh', 'Stong']",19,Solid evidence that Azerbaijan has launched a thoroughly planned attack on Nagorno Karabakh Republic Part 2 NKpeace ArtsakhStong https://t,ArmenianUnified,1,[],[],[]
1552,2020-09-28 18:02:10,"['Azerbaijan', 'Kpeace', 'Artsakh', 'Stong']",21,There is solid evidence that Azerbaijan has launched a thoroughly planned attack on Nagorno Karabakh Republic Part 1 NKpeace ArtsakhStong https://t,ArmenianUnified,1,[],[],[]
1554,2020-09-28 17:17:21,"['Azerbaijani', 'Azerbaijaniaggression', 'Kpeace', 'Artsakh', 'Strong']",16,Another Azerbaijani UAV shot in Spitakashen village Сбит ещё один беспилотник Азербайджана  Azerbaijaniaggression  NKpeace ArtsakhStrong https://t,ArmenianUnified,1,[],['UAV'],[]
1556,2020-09-28 17:12:35,[],17,Adversary launched a new large scale offensive in &amp; around the Araks Valley and Mataghis Talish area,ArmenianUnified,1,[],[],[]
1557,2020-09-28 17:12:35,[],13,Defense Army successfully resisted all attacks inflicting significant losses of personnel and equipment,ArmenianUnified,1,[],[],[]
1568,2020-09-28 13:11:40,['Azerbaijan'],29,"Towards the south of the frontline, the adversary launched a tank attack, however, meeting fierce resistance from tank and anti tank subunits of Defense Army Azerbaijan lost armored vehicles ",ArmenianUnified,1,[],[],[]
1576,2020-09-28 12:36:24,"['Azerbaijaniaggression', 'Kpeace', 'War', 'In', 'Karabakh']",14,"The consequences of Azerbaijaniaggression  Stepanakert, Artsakh  Последствия азербайджанской агрессии Степанакерт, Арцах NKpeace WarInKarabakh https://t",ArmenianUnified,1,[],[],['Stepanakert']
1582,2020-09-28 12:14:43,"['Stepanakert', 'Artsakh', 'Strong', 'Kpeace']",7,RT armgov: Reunion Stepanakert ArtsakhStrong NKpeace https://t,ArmenianUnified,1,[],[],['Stepanakert']
1586,2020-09-28 10:09:31,[],17,"Azerbaijani army, consisting of various Turkish terrorist groups,is facing fierce resistance &amp; well organized counter attacks everywhere",ArmenianUnified,1,[],[],[]
1596,2020-09-28 08:59:23,"['Armenia', 'Artsakh', 'Strong', 'Azerbaijaniaggression', 'Kpeace', 'War', 'In', 'Karabakh']",16,A downed Azerbaijani UAV in Vardenis  Сбитый азербайджанский беспилотник в Варденисе  ArtsakhStrong  Azerbaijaniaggression  NKpeace  WarInKarabakh https://t,ArmenianUnified,1,[],['UAV'],[]
1623,2020-09-27 23:13:01,"['Stepanakert', 'Artsakh', 'Strong', 'Kpeace']",14,RT armgov: People gather in a bomb shelter to protect against shelling in Stepanakert,ArmenianUnified,1,[],[],['Stepanakert']
1636,2020-09-27 19:33:25,"['Nagorno', 'Artsakh']",17,RT atatoyan: Today’s indiscriminate aggressive attacks &amp; shelling by Azerbaijan towards Nagorno Karabakh &amp; its peaceful popul…,ArmenianUnified,1,[],[],[]
1667,2020-09-27 15:20:50,"['Armenia', 'Azerbaijani', 'Aggression', 'Artsakh', 'Strong']",21,The Armenia/n armed forces continue attacking the Azerbaijani military hardware Армянские вооруженные силы продолжают атаковать азербайджанскую военную технику AzerbaijaniAggression  ArtsakhStrong https://t,ArmenianUnified,1,[],[],[]
1669,2020-09-27 15:10:25,"['Azerbaijan', 'Stepanakert', 'Azerbaijani', 'Aggression', 'Artsakh', 'Strong']",14,Shooting down of an Azerbaijan/i UAV in the sky of  Stepanakert AzerbaijaniAggression  ArtsakhStrong https://t,ArmenianUnified,1,[],['UAV'],['Stepanakert']
1678,2020-09-27 13:54:52,"['Azerbaijani', 'Kpeace', 'Artsakh', 'Strong', 'Azerbaijani', 'Aggression']",12,The Azerbaijani army uses all 300 caliber rocket launchers in its arsenal,ArmenianUnified,1,[],[],[]
1679,2020-09-27 13:54:52,"['Azerbaijani', 'Kpeace', 'Artsakh', 'Strong', 'Azerbaijani', 'Aggression']",4," Smerch, Kasirga, Polonez, etc",ArmenianUnified,1,[],['Smerch'],[]
1700,2020-09-27 12:38:28,['Artsakh'],15,“We Are Our Borders; All for Artsakh” global fundraising campaign to support Artsakh is launched,ArmenianUnified,1,[],[],[]
1707,2020-09-27 11:29:00,"['Artsakh', 'Strong', 'Azerbaijani', 'Aggression', 'Kpeace']",30,The victims of the Azerbaijani shelling are an elderly woman and her 9 year old granddaughter Жертвами азербайджанского обстрела стали бабушка и её 9 летняя внучка ArtsakhStrong AzerbaijaniAggression NKpeace https://t,ArmenianUnified,1,[],[],[]
1714,2020-09-27 10:54:43,['Stepanakert'],15,"RT armgov: In Stepanakert alone, more than 10 people were injured, including children and women",ArmenianUnified,1,[],[],['Stepanakert']
1716,2020-09-27 10:38:41,['Azerbaijan'],36,This kid in Stepanakert was injured during the shelling by Azerbaijan/i Armed Forces which continue targeting the civilian population Маленький житель Степанакерта был ранен во время обстрела Вооруженных сил Азербайджана которые продолжают обстреливать мирное население https://t,ArmenianUnified,1,[],[],['Stepanakert']
1737,2020-09-27 09:29:02,['Azerbaijan'],23,At a press briefing arcrunmod said: With the usage of air forces &amp; land troops Azerbaijan/i Armed Forces launched a wide scale attack,ArmenianUnified,1,[],[],[]
1744,2020-09-27 08:11:53,['Azerbaijan'],12,RT ArmeniaMODTeam: Ադրբեջանական մարտական տեխնիկային հերթական խոցումները Azerbaijan'i armored vehicles' attacks https://t,ArmenianUnified,1,[],[],[]
1759,2020-09-27 07:12:55,"['Azerbaijan', 'Martuni', 'Artsakh', 'Artsakh', 'Strong']",22,"As a result of Azerbaijan shelling a woman &amp; a child were killed in Martuni region of Artsakh, 2 civilians are wounded",ArmenianUnified,1,[],[],[]
1764,2020-09-27 06:39:38,"['Azerbaijan', 'Artsakh', 'Strong']",24, ShStepanyan : Armenian Armed Forces have shot down an Azerbaijan/i UAV that breached the Armenian airspace in the northeastern direction of the border ArtsakhStrong,ArmenianUnified,1,[],['UAV'],[]
1774,2020-09-27 05:50:26,"['Artsakh', 'Stepanakert']",12,RT NikolPashinyan: Azerbaijan has launched a missile &amp; aerial attack against Artsakh,ArmenianUnified,1,[],['missile'],[]
1775,2020-09-27 05:50:26,"['Artsakh', 'Stepanakert']",6, Peaceful settlements including Stepanakert have be…,ArmenianUnified,1,[],[],['Stepanakert']
1787,2020-09-27 04:54:06,['Stepanakert'],19,Spokesperson to Pres_Artsakh: Today early in the morning the adversary started intense shelling throughout the whole line of contact,ArmenianUnified,1,[],[],[]
1788,2020-09-27 04:54:06,['Stepanakert'],9, Civilian settlements including the capital Stepanakert are being shelled,ArmenianUnified,1,[],[],['Stepanakert']
1790,2020-09-27 04:44:37,"['Artsakh', 'Azerbaijan']",14,Spokesperson of ArmeniaMODTeam: Adversary launched an and missile attack in the direction of Artsakh,ArmenianUnified,1,[],['missile'],[]
1795,2020-09-27 04:36:52,['Artsakh'],11, NikolPashinyan The adversary launched an attack in the direction of Artsakh,ArmenianUnified,1,[],[],[]
1801,2020-07-21 20:27:09,"['Azerbaijan', 'Armenia', 'Tavush', 'Strong']",18,Today at 22:30 the Azerbaijan’i special force unit launched another attack in the direction of the Anvakh   position,ArmenianUnified,1,['22:30'],[],[]
1818,2020-07-20 05:50:45,"['Tchambarak', 'Khndzorut']",13,Adversary used HAN 17 grenade launchers against Armenian positions in direction of Tchambarak,ArmenianUnified,1,[],[],[]
1823,2020-07-20 05:46:21,"['Armenia', 'Azerbaijan']",13, Azerbaijan violated ceasefire 9 times firing 137 shots in different sectors of border,ArmenianUnified,1,[],[],[]
1831,2020-07-18 18:39:42,['Tavush'],17,Houses in the border villages of Tavush affected by shelling since the 1990s will also be restored,ArmenianUnified,1,[],[],[]
1835,2020-07-18 13:37:23,"['Aygepar', 'Armenia', 'Azerbaijan']",12, She is sharing with us the damages the recent shelling has caused,ArmenianUnified,1,[],[],[]
1842,2020-07-18 07:51:28,[],34,"Shots, artillery shelling seems to have stopped, but attempts to spread panic among social media users through various fake accounts continue Выстрелы, артиллерийские обстрелы, прекратились,но продолжаются попытки распространения паники у пользователей через фальшивые аккаунты",ArmenianUnified,1,[],[],[]
1843,2020-07-18 07:20:45,['Artsakh'],44,Air defense units of the Artsakh Defense Army downed the adversary aerial surveillance UAV ORBITER 3 The frontline units of the Defense Army continue keeping the situation on the Line of Contact under full control and confidently implementing the land and air defense https://t,ArmenianUnified,1,[],['UAV'],[]
1849,2020-07-18 05:39:35,"['Armenia', 'Azerbaijan', 'Tavush', 'Strong']",23,"  The Azerbaijani Armed Forces, using firearms, shot indiscriminately in the direction of our bases positioned near the villages of Movses, Zangakatun and Khndzorut",ArmenianUnified,1,[],[],['Khndzorut']
1853,2020-07-17 18:32:52,"['Aygepar', 'Azerbaijani', 'Tavush', 'Strong']",15,A resident of Aygepar village found his house like this after Azerbaijani|i shelling  TavushStrong https://t,ArmenianUnified,1,[],[],['Aygepar']
1855,2020-07-17 18:27:25,"['Armenia', 'Azerbaijan']",11,“There were few gunshots &amp; they were mainly fired from rifles,ArmenianUnified,1,[],[],[]
1881,2020-07-17 05:29:57,"['Armenia', 'Azerbaijan', 'Tavush']",14, The adversary used only firearms of different calibers in all direction of the border,ArmenianUnified,1,[],[],[]
1896,2020-07-16 18:33:47,"['Armenia', 'Azerbaijan']",10,One of the Armenia|n civilian vehicles struck by Azerbaijan|i UAV,ArmenianUnified,1,[],['UAV'],[]
1910,2020-07-16 15:46:34,"['Azerbaijan', 'Armenia', 'Tavush', 'Strong']",25,"The UAV of the Azerbaijan/i Armed Forces hit the vehicle of the Ministry of Emergency Situations of Armenia carrying out a humanitarian mission, no casualties",ArmenianUnified,1,[],['UAV'],[]
1916,2020-07-16 13:54:41,"['Armenia', 'Azerbaijan']",40,"“Armenian side should not forget that the latest missile systems, which are in the arsenal of the Azerbaijani army, can hit the Metsamor NPP with a great accuracy, which will lead to a great disaster for Armenia” Azerbaijan|i MoD spokesperson",ArmenianUnified,1,[],['missile'],[]
1929,2020-07-16 10:24:56,['Tavush'],16,A commission has been established to assess  damages of the shelled settlements &amp; buildings in Tavush,ArmenianUnified,1,[],[],[]
1938,2020-07-16 08:52:31,"['Azerbaijan', 'Armenia']",21,Ministry of Defense of Azerbaijan released misinformation as if their armed forces have downed X 55 UAV of Armenian Armed Forces,ArmenianUnified,1,[],['UAV'],[]
1939,2020-07-16 08:52:31,"['Azerbaijan', 'Armenia']",9, No UAV of Armenia’s Armed Forces has been downed,ArmenianUnified,1,[],['UAV'],[]
1943,2020-07-16 08:30:12,['Tavush'],12,"A bakery and neighboring house in Chinari village has been shelled, too",ArmenianUnified,1,[],[],[' Chinar']
1948,2020-07-16 07:42:48,['Azerbaijan'],10,This is how it looked before Azerbaijan|is started shelling https://t,ArmenianUnified,1,[],[],[]
1950,2020-07-16 07:25:16,"['Azerbaijan', 'Tavush', 'Strong']",16,This kindergarten in Aygepar has also undergone shelling by the Armed Forces of Azerbaijan  TavushStrong https://t,ArmenianUnified,1,[],[],['Aygepar']
1952,2020-07-16 06:42:03,"['Armenia', 'Azerbaijan', 'Tavush', 'Strong']",29,"Armenia|n Armed Forces hit adversary’s tank, destroy firing positions of artillery and mortar batteries from which the Armenian settlements and positions were shelled by Azerbaijan|i armed forces TavushStrong https://t",ArmenianUnified,1,[],[],[]
1959,2020-07-16 04:39:35,"['Azerbaijan', 'Tavush', 'Strong']",19,"At 05:20 the Azerbaijan’i units started shelling the villages of Aygepar, Movses, using mortars and a D 30 howitzer",ArmenianUnified,1,['05:20'],[],['Aygepar']
1970,2020-07-15 18:08:58,['Azerbaijan'],23,arcrunmod also said Today we've been working in border villages where we saw the consequences of the shelling by the Azerbaijan/i armed forces,ArmenianUnified,1,[],[],[]
1973,2020-07-15 17:54:48,[],15,“We estimate that more than 50 artillery shells were fired at 5 6 Armenian settlements,ArmenianUnified,1,[],[],[]
1979,2020-07-15 14:20:30,"['Tavush', 'Azerbaijan']",14, The lady’s house was shelled yesterday evening by the armed forces of Azerbaijan https://t,ArmenianUnified,1,[],[],[]
1983,2020-07-15 11:59:29,"['Tavush', 'Azerbaijan']",18,Unexploded ordnance in a village of  Tavush after a series of cross border attacks launched by Azerbaijan https://t,ArmenianUnified,1,[],[],[]
1987,2020-07-15 11:06:53,"['Tavush', 'Azerbaijan', 'Tavush', 'Strong']",21,Nerkin Karmiraghbyur and Aygepar communities in Tavush: they have been shelled by Azerbaijan|i armed forces targeting the civilian population TavushStrong https://t,ArmenianUnified,1,[],[],"[' Karmiraghbyur', 'Aygepar']"
1990,2020-07-15 08:21:10,['Azerbaijan'],25," All caliber firearms, tanks, artillery, up to 122 mm or larger caliber, most of the artillery, mortars, attacking drones have been used”,arcrunmod said at briefing",ArmenianUnified,1,[],['drone'],[]
2001,2020-07-15 07:13:44,"['Tavush', 'Strong']",40,At a press briefing arcrunmod confirmed that Elbit Hermes 900 unmanned aerial vehicle was downed by Anti aircraft missile system ‘’Osa’’ modernized by Armenian talented engineers and applied by the counter air defense professionals of Armenian armed forces TavushStrong https://t,ArmenianUnified,1,[],['missile'],[]
2017,2020-07-14 20:59:34,"['Azerbaijan', 'Tavush', 'Strong']",17,The factory mentioned earlier shelled by Azerbaijan/i armed forces today is Tavush textile which is producing 300,ArmenianUnified,1,[],[],[]
2029,2020-07-14 19:39:42,[],15," During the shelling, the Armed Forces of Armenia completed their tasks and silenced the adversary",ArmenianUnified,1,[],[],[]
2031,2020-07-14 19:35:44,"['Tavush', 'Azerbaijan']",20,"At a press briefing arcrunmod said Communities of Chinari,Aygepar, Nerkin Karmraghbyur, Paravakar in Tavush were shelled by Azerbaijan/i armed forces",ArmenianUnified,1,[],[],"[' Chinar', 'Aygepar', ' Nerkin']"
2037,2020-07-14 16:05:33,"['Armenia', 'Tavush']",23, Follow the official accounts of MFAofArmenia &amp; ArmeniaMODTeam  ***On July 12 Azerbaijani armed forces launched provocative actions in the direction of Tavush region,ArmenianUnified,1,[],[],[]
2335,2020-03-19 16:24:34,"['Staying', 'Home', 'Saving', 'Lives', 'Together', 'At', 'Home', 'Stay', 'Home']",17,  Doctors 🥼 of Nork Infectious Clinical Hospital of 🇦🇲 launched We stay here to work for you,ArmenianUnified,1,[],[],[]
2383,2020-03-17 19:32:48,"['Covid', 'Updates', 'Together', 'Against', 'Corona', 'Coronavirus']",13,"Covid19Updates  Ministry of Education, Science, Culture and Sport launches online learning platform   https://t",ArmenianUnified,1,[],[],[]
2409,2020-10-30 06:46:15,[],13, The AZ forces continued shelling of the residential towns &amp; cities of Artsakh,ShStepanyan,1,[],[],[]
2422,2020-10-29 08:47:30,[],11," Air raid warning went off in Stepanakert, Askeran, Martuni and Martakert",ShStepanyan,1,[],[],['Stepanakert']
2424,2020-10-29 08:27:11,[],16,"Video footage from the hospital, adjacent to the maternity center in Stepanakert, during yesterday shelling https://t",ShStepanyan,1,[],[],['Stepanakert']
2426,2020-10-29 08:05:48,[],12,The Armed Forces of Azerbaijan   keep attacking peaceful settlements of Artsakh https://t,ShStepanyan,1,[],[],[]
2428,2020-10-29 07:29:50,[],21,At this moment the enemy forces are shelling Artsakh’s capital Stepanakert &amp; the towns of Shushi &amp; Martakert with Smerch MLRS,ShStepanyan,1,[],['Smerch'],"['Stepanakert', 'Shushi']"
2431,2020-10-29 06:48:49,[],45,"The photo published in the  Le Monde, which is presented as showing the consequences of the “destruction” allegedly carried out by the Armenians in the Azerbaijani city of Barda, was actually made in the capital of Artsakh, after the missile strike on the maternity hospital",ShStepanyan,1,[],['missile'],[]
2434,2020-10-29 05:41:54,[],13,Azerbaijani forces hit Artsakh capital Stepanakert with Smerch MLRS again at about 8,ShStepanyan,1,[],['Smerch'],['Stepanakert']
2440,2020-10-29 04:57:04,[],14,A while ago Defense Army’s air defense forces destroyed enemy’s another Bayraktar combat UAV,ShStepanyan,1,[],"['Bayraktar', 'UAV']",[]
2454,2020-10-28 16:37:16,['Artsakh'],36,"During the day the enemy continued firing at CIV settlements of Artsakh shelling Shushi and Stepanakert from Smerch MLRS, causing great damage to the maternity hospital of the capital, and the civilian infrastructures of both cities",ShStepanyan,1,[],['Smerch'],"['Shushi', 'Stepanakert']"
2460,2020-10-28 11:49:34,[],20,Тhe building of the maternity wing in the Republican hospital in Stepanakert after the attack by the Azerbaijani Armed Forces,ShStepanyan,1,[],[],['Stepanakert']
2463,2020-10-28 10:52:08,[],9,The Azerbaijani Armed Forces targeted the Stepanakert maternity hospital,ShStepanyan,1,[],[],['Stepanakert']
2465,2020-10-28 10:12:57,[],27,The statement of the Ministry of Defense of Azerbaijan that the Armed Forces of Armenia allegedly hit the town of Barda with Smerch is groundless and false,ShStepanyan,1,[],['Smerch'],[]
2467,2020-10-28 09:05:22,[],7,Shushi is being shelled from Smerch MLRS,ShStepanyan,1,[],['Smerch'],['Shushi']
2469,2020-10-28 09:05:22,[],8,  Also capital Stepanakert was shelled once from Smerch,ShStepanyan,1,[],['Smerch'],['Stepanakert']
2474,2020-10-28 08:00:43,[],4, Azerbaijani forces targeted Shushi,ShStepanyan,1,[],[],['Shushi']
2479,2020-10-28 06:34:55,[],6,Another UAV downed this morning https://t,ShStepanyan,1,[],['UAV'],[]
2482,2020-10-27 14:33:24,"['Armenia', 'Defense', 'Army']",17, No missile was fired from the AF of Armenia or the Artsakh DefenseArmy in the mentioned direction,ShStepanyan,1,[],['missile'],[]
2490,2020-10-27 07:28:10,[],33,"Having fixed the regular violation of ceasefire and the shelling of Armenia’s state territory, Armenia’s Ministry of Defense reports that it will have to strike in response in the direction of Azerbaijani forces",ShStepanyan,1,[],[],[]
2496,2020-10-27 07:27:53,[],24," the Azerbaijani side again violated ceasefire regime shelling the Armenian border guard positions located in the south eastern direction, at the junction with Iran",ShStepanyan,1,[],[],[]
2500,2020-10-26 14:39:27,[],18," The enemy uses cannon launched and rocket artillery, including tanks in the direction of the Defense Army positions",ShStepanyan,1,[],[],[]
2502,2020-10-26 10:40:05,"['Defense', 'Army']",24,"Despite the ceasefire agreement reached in the US, Azerbaijani forces launched an offensive in the SE sector shelling peaceful settlements as well, DefenseArmy reports",ShStepanyan,1,[],[],[]
2505,2020-10-26 10:36:02,[],14,Azerbaijani forces use Smerch MLRS in the direction of Zardarashen village of Artsakh’s Martuni,ShStepanyan,1,[],['Smerch'],[]
2517,2020-10-26 05:32:22,[],16," Azerbaijani side targeted positions located in south eastern direction, firing 5 artillery shells in that direction",ShStepanyan,1,[],[],[]
2530,2020-10-25 14:28:53,[],7,Another enemy UAV shot down today https://t,ShStepanyan,1,[],['UAV'],[]
2551,2020-10-23 17:00:09,[],20,Air Defense unites of the Republic of Armenia just shot down an enemy UAV in the northeastern direction of Armenia,ShStepanyan,1,[],['UAV'],[]
2557,2020-10-23 13:38:05,[],18,Azerbaijani forces shelled from grad installation the territory of Karegah community of Kashatagh region today at approximately 2,ShStepanyan,1,[],[],[]
2563,2020-10-23 13:37:22,[],9,At this moment the Azerbaijani forces are shelling Martakert,ShStepanyan,1,[],[],[]
2569,2020-10-23 05:50:32,[],11," Azerbaijani forces targeted Askeran in the evening, shelled Martuni at midnight",ShStepanyan,1,[],[],[]
2577,2020-10-22 06:21:13,"['Armenian', 'Azerbaijan']",27,The announcement of the Azerbaijani side on Armenia’s alleged launching of ballistic missiles in the direction of Gabala and Kurdamir is utter nonsense and a cynic lie,ShStepanyan,1,[],['missile'],[]
2578,2020-10-22 06:21:13,"['Armenian', 'Azerbaijan']",18, No missile has been fired from the territory of the Republic of Armenian in the direction of Azerbaijan,ShStepanyan,1,[],['missile'],[]
2607,2020-10-20 11:20:25,"['Turkish', 'Artsakh', 'Defense', 'Army', 'Bayraktar']",39,"The remote control camera model of the Turkish Bayraktar TB2 combat UAV, hit by the air defense of the ArtsakhDefenseArmy, is CMX 15D, manufactured in June 2020 by the Canadian company WESCAM &amp; installed on Bayraktar TB2 in Sept",ShStepanyan,1,[],"['Bayraktar', 'UAV', 'Bayraktar']",[]
2620,2020-10-19 08:16:02,['Azerbaijan'],28,"Artsakh State Emergency Situations Service reports Azerbaijan once again violated ceasefire over the night target shelling CIV facilities &amp; peaceful communities of Martuni, Urekan, Ishkhanadzor, Aygehovit &amp; Vurgavan",ShStepanyan,1,[],[],[]
2626,2020-10-19 05:07:26,[],14,"Despite the ceasefire, the enemy resumed artillery shelling in the northern and southern directions",ShStepanyan,1,[],[],[]
2639,2020-10-18 08:07:31,[],41,"Video surveillance devices of the Artsakh Defense Army recorded the exact location and time of how the enemy launched an offensive in the direction of the Armenian positions in the early morning hours of October 18, violating the agreement for  ceasefire",ShStepanyan,1,[],[],[]
2648,2020-10-18 04:49:58,[],16," At 07: 20 after an active artillery fire, the enemy launched an attack in the S",ShStepanyan,1,[],[],[]
2652,2020-10-17 23:26:32,[],30,"Once again violating the humanitarian ceasefire, the enemy fired artillery shells in the northern direction from 00:04 to 02:45, and fired rockets in the southern direction from 02:20 to 02:45",ShStepanyan,1,"['00:04', '02:45', '02:20', '02:45']",[],[]
2666,2020-10-17 14:29:47,[],27,From 16:30 to 17:45 the Air Defence units shot down 3 enemy UAVs in the air space of the Republic of Armenia and 1 UAV in Artsakh,ShStepanyan,1,"['16:30', '17:45']","['UAV', 'UAV']",[]
2682,2020-10-17 06:26:33,"['Azerbaijani', 'Artsakh', 'Stepanakert']",29,"The enemy signature: Over the night, once again violating the humanitarian ceasefire, the Azerbaijani Armed Force struck with missiles at the  civilian settlement of Artsakh, including the capital Stepanakert",ShStepanyan,1,[],['missile'],['Stepanakert']
2685,2020-10-17 05:31:03,[],27,"After a relatively stable with no significant changes in the operational/tactical situation the enemy resumed rocket &amp; artillery strikes at CIV settlements, particularly at Stepanakert &amp; Shushi",ShStepanyan,1,[],[],"['Stepanakert', 'Shushi']"
2711,2020-10-16 10:18:15,"['Nakhichevan', 'Azerbaijani']",35,"We declare that no missile was fired in the direction of the Ordubad region of Nakhichevan, this is another lie of the Azerbaijani military political leadership, which aims to expand the geography of the conflict",ShStepanyan,1,[],['missile'],[]
2724,2020-10-15 16:32:57,[],32," The Artsakh State Emergency Service informs that Red Market community of Martuni region was shelled by the Azerbaijani Armed Forces with the use of Smerch cluster missiles, one civilian was reported killed",ShStepanyan,1,[],"['Smerch', 'missile']",[]
2741,2020-10-14 13:52:43,[],25,"The Arzoyan family living in Vardenis community, Armenia was going to harvest the land as usual this morning when an Azeri UAV struck their car",ShStepanyan,1,[],['UAV'],[]
2749,2020-10-14 09:16:04,"['Defense', 'Army']",18," Тoday in addition to shelling the city of Martakert, the enemy also employed military aviation in that direction",ShStepanyan,1,[],[],[]
2755,2020-10-14 07:07:52,"['Azerbaijan', 'Arm', 'Aze']",46,"Once again reiterating that this far not a single missile, shell or projectile has been fired in the dir n of Azerbaijan, we concurrently state that within the same logic the ArmAF henceforth preserve the right to target any mil installations&amp;combat movements in Aze ter ry1/3",ShStepanyan,1,[],['missile'],[]
2765,2020-10-13 13:15:20,['Shushi'],7,Aftermath of intentional missile strikes on St,ShStepanyan,1,[],['missile'],[]
2766,2020-10-13 13:15:20,['Shushi'],4, Ghazanchetsots Cathedral in Shushi,ShStepanyan,1,[],[],['Shushi']
2778,2020-10-13 06:06:56,[],22, The Armenian side complies with the humanitarian ceasefire and is halting the offensive operations of Azerbaijan launched in violation of the ceasefire,ShStepanyan,1,[],[],[]
2796,2020-10-12 08:45:40,[],8,The guys who repel the enemy attacks https://t,ShStepanyan,1,[],[],[]
2799,2020-10-12 04:33:49,[],9, The enemy is now intensively shelling the southern front,ShStepanyan,1,[],[],[]
2815,2020-10-11 15:19:23,[],5,Another enemy UAV destroyed https://t,ShStepanyan,1,[],['UAV'],[]
2817,2020-10-11 15:10:59,[],13,"On October 11, enemy forces launched an offensive in the north eastern direction",ShStepanyan,1,[],[],[]
2841,2020-10-10 09:09:13,[],13,The units of the Defense Army are halting  enemy attacks  in the south,ShStepanyan,1,[],[],[]
2845,2020-10-10 08:45:28,"['Azerbaijani', 'Defense', 'Army']",26,"Ignoring the ceasefire announced for humanitarian purposes effective as of October 10, 12:00, the Azerbaijani units launched an assault on an area called Karakhambeyli at 12:05",ShStepanyan,1,"['12:00', '12:05']",[],[]
2857,2020-10-10 06:30:10,"['Russia', 'Armenia', 'Azerbaijan', 'Defense', 'Army']",17," The units of the DefenseArmy halt all the attacks of the enemy, causing heavy losses to manpower",ShStepanyan,1,[],[],[]
2875,2020-10-08 12:43:40,['Armenia'],22,RT razminfo: Assistant to the President of Azerbaijan Hikmet Hajiyev claims on twitter that an Armenia'n UAV was allegedly destroyed in …,ShStepanyan,1,[],['UAV'],[]
2906,2020-10-06 19:34:24,['Artsakh'],13," facilities and objectives from which Artsakh will be fired at, will be destroyed",ShStepanyan,1,[],[],[]
2908,2020-10-06 12:45:40,[],13,Around afternoon the Azerbaijani AF launched a large scale attack in the S,ShStepanyan,1,[],[],[]
2917,2020-10-06 09:57:53,['Azerbaijani'],22,The Azerbaijani side continues to spread false information that allegedly the Armenian AF are shelling civilian settlements in the territory of Azerbaijan,ShStepanyan,1,[],[],[]
2941,2020-10-05 07:05:33,"['Stepanakert', 'Shushi']",21,"The enemy fired rockets at Stepanakert and Shushi with great intensity, at the same time resumed offensive operation on the S",ShStepanyan,1,[],[],"['Stepanakert', 'Shushi']"
2946,2020-10-05 04:30:46,"['Artsakh', 'Azerbaijan']",18,Firefights of various intensity which started overnight continue to rage all along the Artsakh Azerbaijan Line of Contact,ShStepanyan,1,[],[],[]
2953,2020-10-04 17:23:54,[],7,New footage of today shelling of Stepanakert,ShStepanyan,1,[],[],['Stepanakert']
2963,2020-10-04 10:41:29,"['Azerbaijan', 'Davit', 'Tonoyan', 'Armenia']",26,"  Answering to questions asked by “Zinuzh Media,” Armenian Defense Minister Davit_Tonoyan calls the Azerbaijani leadership’s allegations of Armenia launching missiles against settlements in Azerbaijan fake https://t",ShStepanyan,1,[],['missile'],[]
2970,2020-10-04 07:41:36,['Stepanakert'],15,"The enemy continues targeting civilian settlements, including the capital city of Stepanakert with banned weapons",ShStepanyan,1,[],[],['Stepanakert']
2973,2020-10-04 07:31:17,"['Azerbaijan', 'Stepanakert']",18,RT razminfo: 1 hour ago Azerbaijan again struck Stepanakert with several heavy missiles targeting civilian important infrastructures lik…,ShStepanyan,1,[],['missile'],['Stepanakert']
2977,2020-10-04 07:03:31,"['Azerbaijan', 'Stepanakert']",12,"Azerbaijan’i terrorist army targets civilians in Stepanakert, using Polonez &amp; Smerch MLRS",ShStepanyan,1,[],['Smerch'],['Stepanakert']
2982,2020-10-04 05:28:05,"['Artsakh', 'Azerbaijan']",24,"The firefight is taking place at the Artsakh Azerbaijan line of contact,  artillery gunfire is also taking place at lesser intensity in separate sections",ShStepanyan,1,[],[],[]
2984,2020-10-03 18:05:54,"['Stepanakert', 'Defense', 'Army']",6,"At 8:26pm, the enemy shelled Stepanakert",ShStepanyan,1,['8:26'],[],['Stepanakert']
2993,2020-10-03 09:59:38,"['Defense', 'Army', 'Artsakh']",15,The  DefenseArmy of Artsakh managed to suspend today’s large scale attack launched by the enemy,ShStepanyan,1,[],[],[]
2998,2020-10-03 05:43:59,"['Artsakh', 'Nagorno', 'Karabakh', 'Armenian', 'Armenian', 'Army']",11," The adversary, concentrating big forces in those areas, launched an attack",ShStepanyan,1,[],[],[]
3006,2020-10-02 12:10:05,"['Armenia', 'Azerbaijani']",34,The Ministry of Defense of Armenia strongly urges the Azerbaijani side to refrain from such provocations and not to instigate the RA Armed Forces to carry out actual missile strikes with all its repercussions,ShStepanyan,1,[],['missile'],[]
3008,2020-10-02 12:09:09,"['Azerbaijan', 'Armenia']",38,"Despite the fact that for several days now Azerbaijan has been targeting the settlements around the town of Vardenis  with UAVs and artillery assets of various calibers, no rocket has been fired YET in the direction of Az",ShStepanyan,1,[],['UAV'],[]
3012,2020-10-02 12:07:47,"['Armenia', 'Azerbaijan']",45,"MoD, Armenia officially declares that the statements of the official circles of Azerbaijan that Tochka U missile complex is used from the territory of Armenia to target and shell the territory of Azerbaijan is a self evident lie and is not consistent with the reality",ShStepanyan,1,[],['missile'],[]
3019,2020-10-02 08:05:17,[],5,Shotdown of Azerbaijani helicopter https://t,ShStepanyan,1,[],[],[]
3032,2020-10-01 19:37:32,['Armenia'],18,"The enemy employed artillery at Shatvan village, Armenia, fired a missile from a combat UAV at Mets Masrik",ShStepanyan,1,[],"['missile', 'UAV']",[]
3034,2020-10-01 19:37:32,['Armenia'],20," The ADF of Armenia destroyed 3 enemy UAVs in Gegharkunik, including the drone that fired a missile at Mets Masrik",ShStepanyan,1,[],"['UAV', 'drone', 'missile']",[]
3050,2020-10-01 11:28:42,[],19,"3 warplanes, 2 helicopters, and 6 UAV of adversary were downed by our defenders in just a half day!",ShStepanyan,1,[],['UAV'],[]
3065,2020-09-30 15:41:37,"['Armenia', 'Az']",24," side intends to use this as a pretext for the use of similar/longer range missile systems, the response will be instant and highly destructive",ShStepanyan,1,[],['missile'],[]
3069,2020-09-30 14:36:19,[],23,"Turkish UAV C2 station is located at a distance from the border with Hadrut region, directly controls the fire of Azerbaijani attack planes",ShStepanyan,1,[],['UAV'],[]
3078,2020-09-30 14:31:08,"['Azerbaijan', 'Artsakh', 'Az']",23," SU 25s, Bayraktars carried out attacks at high altitudes in the direction of settlements of Hadrut and Martuni regions of the Artsakh Rep",ShStepanyan,1,[],"['SU 25', 'Bayraktar']",[]
3081,2020-09-30 11:52:23,"['Azerbaijan', 'Martakert']",12," The official Baku attacks the peaceful population, violating all the international laws",ShStepanyan,1,[],[],[]
3100,2020-09-30 04:45:54,[],14, At night two UAVs of the opponent was shot in the air of Stepanakert,ShStepanyan,1,[],['UAV'],['Stepanakert']
3108,2020-09-29 14:51:45,[],16,"During this period, the air defense units of the RA AF carried out SAM missile fire",ShStepanyan,1,[],['missile'],[]
3111,2020-09-29 14:51:27,[],43,"Тoday, at around 10:30 am, F 16 fighters of the Turkish Air Force took off from the Ganja airport from the Republic of Azerbaijan and ensured the delivery of bombing and missile strikes against settlements and ground units of the Armenian Armed Forces",ShStepanyan,1,['10:30'],['missile'],[]
3118,2020-09-29 08:01:07,[],27," The use of TOS, Smerch and other large caliber systems changes the philosophy and the scale of mil ops, elevating them to the new level of escalation",ShStepanyan,1,[],['Smerch'],[]
3125,2020-09-29 04:44:53,[],40,"The fights with varying intensity continue with Azerbaijani artillery Armenian units in several directions of the line of contact have repulsed the attacks of the Azerbaijani armed forces, taking punitive actions in some parts, causing significant losses of the adversary",ShStepanyan,1,[],[],[]
3145,2020-09-28 07:35:42,[],10, The Armenian side doesn’t have any losses from the shelling,ShStepanyan,1,[],[],[]
3160,2020-09-27 13:57:21,[],19,"The Azerbaijani army uses  all 300 and larger caliber rocket launching systems in its arsenal  Smerch, Kasirga, Polonez, etc",ShStepanyan,1,[],['Smerch'],[]
3182,2020-09-27 07:04:33,[],11,"Azerbaijani side shells civilian infrastructures, including schools in violations of IHL",ShStepanyan,1,[],[],[]
3187,2020-09-27 06:44:48,[],16,Today at 07:10 the enemy launched an air and missile attack in the direction of Artsakh,ShStepanyan,1,['07:10'],['missile'],[]
3309,2020-07-29 19:19:32,"['Azerbaijani', 'Iran']",25, Were discussed the use of modern UAV large number during the recent operations in Armenia NE part &amp; the effectiveness of the fight against them,ShStepanyan,1,[],['UAV'],[]
3332,2020-07-24 09:35:17,"['Azerbaijani', 'Sky', 'Striker', 'Armenian', 'Army']",9,Israeli made Azerbaijani SkyStriker UAV downed by the ArmenianArmy,ShStepanyan,1,[],['UAV'],[]
3337,2020-07-24 09:22:38,"['Armenia', 'Azerbaijan']",22,"The opponent violated the ceasefire four times, firing 28 shots at the Armenian positions located in the direction of Chiva, Khndzorut, Movses&amp;Paravaqar",ShStepanyan,1,[],[],['Khndzorut']
3350,2020-07-23 07:34:41,"['Armenian', 'Chinari', 'Movses', 'Nerkin', 'Karmiraghbyur', 'Zangakatun']",18,"The shots were fired at the Armenian positions located in the direction of Chinari, Movses, NerkinKarmiraghbyur, and Zangakatun",ShStepanyan,1,[],[],"[' Chinar', ' Nerkin']"
3353,2020-07-23 07:34:41,"['Armenian', 'Azerbaijani', 'Azerbaijan']",25," The Azerbaijan'i forces violated the ceasefire regime 6 times from firearms at different parts of the border, firing around 43 shots at the Armenian positions",ShStepanyan,1,[],[],[]
3356,2020-07-22 05:17:33,"['Azerbaijan', 'Jil', 'Aygepar', 'Chapni', 'Yeraskh', 'Paruyr', 'Sevak', 'Zangakatun']",16,"Azerbaijan fired the combat positions located in the direction of Jil, Aygepar, Chapni, Yeraskh, ParuyrSevak Zangakatun",ShStepanyan,1,[],[],"['Aygepar', ' Chapni', ' Yeraskh']"
3359,2020-07-22 05:16:46,"['Armenia', 'Azerbaijan', 'Armenian']",23," The opponent violated the ceasefire 7 times in some parts of the border, firing about 20 shots from firearms at the Armenian positions",ShStepanyan,1,[],[],[]
3364,2020-07-21 20:30:13,"['Azerbaijani', 'Armenian', 'Army', 'Armenian']",16,Azerbaijani special forces launched another attack in the direction of the“Anvakh” border position at 10:30 PM,ShStepanyan,1,['10:30'],[],[]
3370,2020-07-21 14:27:16,"['Azerbaijan', 'Armenian', 'Azerbaijani']",13," The Azerbaijan'i Armed Forces fired from sniper rifles, trying to target Armenian servicemen",ShStepanyan,1,[],[],[]
3377,2020-07-21 11:32:52,"['Azerbaijani', 'Armenian', 'Armenian', 'Army']",2,Azerbaijani UAV,ShStepanyan,1,[],['UAV'],[]
3381,2020-07-21 10:54:06,"['Azerbaijan', 'Sotk', 'Artanish', 'Movses', 'Aygepar', 'Vazashen', 'Dovegh', 'Barekamavan', 'Yeraskh', 'Chiva', 'Zangakatun', 'Armenian', 'Army']",20,"Azerbaijan fired the combat positions located in the direction of Sotk, Artanish, Movses, Aygepar, Vazashen, Dovegh, Barekamavan, Yeraskh, Chiva, Zangakatun",ShStepanyan,1,[],[],"['Aygepar', ' Yeraskh']"
3385,2020-07-21 10:51:50,"['Armenia', 'Azerbaijan', 'Armenian']",23," The opponent violated the ceasefire 17 times in different parts of the border, firing about 183 shots from firearms at the Armenian positions",ShStepanyan,1,[],[],[]
3387,2020-07-20 09:05:55,"['Azerbaijan', 'Armenia', 'Armenian', 'Army']",5,One of the Azerbaijan'i UAV,ShStepanyan,1,[],['UAV'],[]
3391,2020-07-20 08:37:38,"['Chambarak', 'Chinar', 'Nerkin', 'Karmiraghbyur', 'Berkaber', 'Berdavan', 'Khndzorut', 'Paruyr', 'Sevak', 'Armenian', 'Army']",21,"The opponent fired the combat positions located in the direction of Chambarak, Chinar, NerkinKarmiraghbyur, Berkaber, Berdavan, Khndzorut, as well as ParuyrSevak",ShStepanyan,1,[],[],"['Chambarak', ' Chinar', ' Nerkin', 'Khndzorut']"
3395,2020-07-20 08:36:18,"['Armenia', 'Azerbaijan', 'Armenian']",22," The opponent violated the ceasefire with firearms, firing about 137 shots at the Armenian positions, AGL 17 grenade launcher was also used",ShStepanyan,1,[],[],[]
3398,2020-07-19 05:37:32,"['Armenia', 'Azerbaijani', 'Azerbaijan']",7, Azerbaijan fired about 70 shots from firearms,ShStepanyan,1,[],[],[]
3409,2020-07-18 06:35:07,"['Azerbaijan', 'Defense', 'Army']",27,"On July 18, at around 06:38, the air defense units of the Defense Army, in the NE direction, shot down an ORBITER 3 reconnaissance UAV of Azerbaijan",ShStepanyan,1,['06:38'],['UAV'],[]
3413,2020-07-18 05:27:58,"['Armenia', 'Azerbaijan', 'Az', 'Armenian', 'Movses', 'Zangakatun', 'Khndzorut']",21," The AzAF, using firearms, shot indiscriminately in the direction of Armenian bases positioned near the villages of Movses, Zangakatun &amp; Khndzorut",ShStepanyan,1,[],[],['Khndzorut']
3423,2020-07-17 12:28:39,"['Armenian', 'Az', 'Arm']",13, AzAF continued using firearms of various calibers towards different directions of the border,ShStepanyan,1,[],[],[]
